Uuid,Void/Retire,Mappings|SAME-AS|OpenBoxes,Name,Concept Drug,Concept Dosage Form,Ingredient 1,Ingredient 1 Strength,Ingredient 1 Units,Ingredient 2,Ingredient 2 Strength,Ingredient 2 Units,Ingredient 3,Ingredient 3 Strength,Ingredient 3 Units,Ingredient 4,Ingredient 4 Strength,Ingredient 4 Units
78faa9b8-dfbe-11e9-8a34-2a2ae2dbcce4,,14074,"Abacavir (ABC) sulfate 60mg + Lamivudine (3TC) 30mg, tablet for oral suspension",CIEL:103166,Tablet,CIEL:70056,60,Milligram,CIEL:78643,30,Milligram,,,,,,
78f9712e-dfbe-11e9-8a34-2a2ae2dbcce4,,10924,"Abacavir sulfate (ABC) 600mg + Lamivudine (3TC) 300mg tablet",CIEL:103166,Tablet,CIEL:70056,600,Milligram,CIEL:78643,300,Milligram,,,,,,
8d5941e8-5f86-4289-a6ba-122320814bd5,TRUE,10194,"Acetylsalicylic acid, 100mg tablet",CIEL:71617,Tablet,CIEL:71617,100,Milligram,,,,,,,,,
f59e2729-faeb-46b2-981a-881a8f24d2a1,TRUE,12885,"Acetylsalicylic acid, 75mg dispersible tablet",CIEL:71617,Tablet,CIEL:71617,75,Milligram,,,,,,,,,
0962492b-295e-4f61-8d7b-717a61f43997,,11059,"Aciclovir, 200mg tablet",CIEL:70245,Tablet,CIEL:70245,200,Milligram,,,,,,,,,
f1403640-6911-4758-bbdb-183329c65708,TRUE,10333,"Aciclovir, Eye ointment, 3%, 4.5 gram tube",CIEL:70245,Tube,CIEL:70245,,,,,,,,,,,
22744753-9e10-4f93-a324-378f737a7c39,,11919,"Aciclovir, Powder for solution for infusion, 250mg vial",CIEL:70245,Vial,CIEL:70245,,,,,,,,,,,
13c36efa-f117-4554-8461-53d0c078fe96,,11323,"Adrenaline (Epinephrine), Solution for injection, 1mg/mL (1:1,000), 1mL ampoule",CIEL:154365,Ampule(s),CIEL:154365,,,,,,,,,,,
fc6b54fb-285b-489c-9298-b24dbcc54b41,TRUE,11804,"Adrenaline (Epinephrine), Solution for injection, 100 microgram/mL (1:10,000), 10mL prefilled syring",CIEL:154365,Syringe,CIEL:154365,,,,,,,,,,,
af52a21e-0081-459e-8aeb-611330790985,,10369,"Albendazole, 200mg chewable tablet",CIEL:70439,Tablet,CIEL:70439,200,Milligram,,,,,,,,,
8112cd30-ae2a-11e4-ab27-0800200c9a66,,10625,"Albendazole, 400mg chewable tablet",CIEL:70439,Tablet,CIEL:70439,400,Milligram,,,,,,,,,
c6a8d8ae-fce4-11e9-8f0b-362b9e155667,,10057,"Allopurinol, 100mg tablet",CIEL:70878,Tablet,CIEL:70878,100,Milligram,,,,,,,,,
219685e2-dcb1-48f8-b4ff-1d19325ce097,,10004,"Aluminium hydroxide 120mg + magnesium hydroxide 250mg, tablet",CIEL:103526,Tablet,CIEL:70991,120,Milligram,CIEL:79236,250,Milligram,,,,,,
5815a762-e68a-42dc-aea9-57957260d44b,,11338,"Aminophylline, Solution for injection, 25mg/mL, 10mL ampoule",CIEL:71101,Ampule(s),CIEL:71101,,,,,,,,,,,
5edb194a-70bf-4fbf-b2ca-4dce586af7f3,,11109,"Amitriptyline hydrochloride, 25mg coated tablet",CIEL:931,Tablet,CIEL:931,25,Milligram,,,,,,,,,
4728aa84-9962-4350-ba9e-50e195b129c2,,12660,"Amlodipine besylate, 10mg tablet",CIEL:71138,Tablet,CIEL:71138,10,Milligram,,,,,,,,,
6620289c-cc66-4892-9b2d-ecc40c746945,,10667,"Amlodipine besylate, 5mg tablet",CIEL:71138,Tablet,CIEL:71138,5,Milligram,,,,,,,,,
c6a8db56-fce4-11e9-8f0b-362b9e155667,TRUE,12292,"Amoxicillin 125mg + clavulanic acid 31.25mg/mL, Powder for oral suspension, 100mL bottle",CIEL:450,Bottle,,,,,,,,,,,,
f588e356-42a6-4180-9d8e-405acce150d6,TRUE,12498,"Amoxicillin 500mg + clavulanic acid 100mg, Powder for solution for injection, vial",CIEL:450,Vial,,,,,,,,,,,,
5c2ffaf4-0a6e-462b-9d0c-a2c3fa25b556,,10284,"Amoxicillin 500mg + clavulanic acid 125mg tablet",CIEL:450,Tablet,CIEL:71160,500,Milligram,CIEL:73504,125,Milligram,,,,,,
e44e261f-aeed-4125-9acb-8f6653c36fc0,TRUE,,"Amoxicillin 500mg + clavulanic acid solution for injection 1 gram vial",CIEL:450,Vial,,,,,,,,,,,,
8dabf09a-9279-4a59-bdd3-ab80dbe224f8,,24308,"Amoxicillin 1g + clavulanic acid 200mg, Powder for solution for injection, vial",CIEL:450,Vial,,,,,,,,,,,,
c6a8dcb4-fce4-11e9-8f0b-362b9e155667,TRUE,12235,"Amoxicillin, 250mg tablet",CIEL:71160,Tablet,CIEL:71160,250,Milligram,,,,,,,,,
1491ae88-f38c-4a8c-94d5-f8385eb3b9d9,,11794,"Amoxicillin, 500mg tablet",CIEL:71160,Tablet,CIEL:71160,500,Milligram,,,,,,,,,
16837210-79c4-4909-9747-d9af46b93f0b,,11342,"Amoxicillin, Powder for oral suspension, 125mg/5mL, 100mL bottle",CIEL:71160,Bottle,CIEL:71160,,,,,,,,,,,
1f7c1ff6-9dff-4ce3-9f56-d7da12513869,TRUE,11659,"Amoxicillin, Powder for oral suspension, 250mg/5mL, 100mL bottle",CIEL:71160,Bottle,CIEL:71160,,,,,,,,,,,
7aefc3c7-6a19-46bd-a99f-684de0e65fd3,,14152,"Amphotericin B, Liposomal, Powder for injection, 50mg vial",CIEL:71187,Vial,CIEL:71187,,,,,,,,,,,
03ff6c64-aaf2-4cd8-9e8f-164766f8b389,TRUE,18020,"Ampicillin, 250mg capsule",CIEL:71188,Capsule,CIEL:71188,250,Milligram,,,,,,,,,
0c29702a-9224-465d-8ec1-e45b8f56fbed,,10583,"Ampicillin, Powder for solution for injection, 1 gram vial",CIEL:71188,Vial,CIEL:71188,,,,,,,,,,,
0fa4f986-7c0d-4105-87a9-5379d45672ce,,10335,"Ampicillin, Powder for solution for injection, 500mg vial",CIEL:71188,Vial,CIEL:71188,,,,,,,,,,,
85508cd5-4337-436f-aaa3-f2814328d0f1,,12227,"Anti-snake venom serum, Africa region, Polyvalent, Lyophilised + solvent, 10 mL vial",CIEL:165460,Vial,CIEL:165460,,,,,,,,,,,
c6a93772-fce4-11e9-8f0b-362b9e155667,,20788,"Artemether (A) 20mg + lumefantrine (L) 120mg tablet, 6 blisters of 1 dispersible tablet (5 to <15kg)",CIEL:1447,Tablet,CIEL:71560,20,Milligram,PIH:20933,120,Milligram,,,,,,
c6a93948-fce4-11e9-8f0b-362b9e155667,,12283,"Artemether (A) 20mg + lumefantrine (L) 120mg tablet, Pack of 6 blisters of 3 tablet (25-35Kg)",CIEL:1447,Tablet,CIEL:71560,20,Milligram,PIH:20933,120,Milligram,,,,,,
c6a94230-fce4-11e9-8f0b-362b9e155667,,12347,"Artemether (A) 20mg + lumefantrine (L) 120mg tablet, Pack of 6 blisters of 4 tablets (Adult, >35kg)",CIEL:1447,Tablet,CIEL:71560,20,Milligram,PIH:20933,120,Milligram,,,,,,
c6a943d4-fce4-11e9-8f0b-362b9e155667,,12287,"Artemether (A) 20mg + lumefantrine (L) 120mg tablet, Pack of 6 blisters of 2 disp tablets (15-25kg)",CIEL:1447,Tablet,CIEL:71560,20,Milligram,PIH:20933,120,Milligram,,,,,,
c6a8e7fe-fce4-11e9-8f0b-362b9e155667,,12269,"Artemether, Solution for injection, 80mg/mL, 1mL ampoule",CIEL:71560,Ampule(s),CIEL:71560,,,,,,,,,,,
c6a9450a-fce4-11e9-8f0b-362b9e155667,,12152,"Artesunate, 60mg powder for reconstitution, with 5mL sodium chloride and 1mL sodium bicarbonate 5%",CIEL:71561,,,,,,,,,,,,,
c8d3444c-41a4-48d3-9ec1-811fe7b27d99,TRUE,12200,"Ascorbic acid (Vitamin C), 250mg tablet",CIEL:71589,Tablet,CIEL:71589,250,Milligram,,,,,,,,,
78f95d38-dfbe-11e9-8a34-2a2ae2dbcce4,,10105,"Atazanavir sulfate (ATV) 300mg + Ritonavir (r) 100mg tablet",CIEL:159809,Tablet,CIEL:71647,300,Milligram,CIEL:83412,100,Milligram,,,,,,
2f8d7a99-d4ec-4ad7-b898-1c953cb332fd,,10993,"Atenolol, 50mg tablet",CIEL:71652,Tablet,CIEL:71652,50,Milligram,,,,,,,,,
de52fb2b-88a6-4698-a0e8-cdae066cee07,,12372,"Atracurium besylate, Solution for injection, 10mg/mL, 5mL ampoule",CIEL:71671,Ampule(s),CIEL:71671,,,,,,,,,,,
cd45f669-a824-4390-8302-9e9c8fd3082d,,10781,"Atropine sulfate, Solution for injection, 1mg/mL, 1mL ampoule",CIEL:71682,Ampule(s),CIEL:71682,,,,,,,,,,,
0bf45aa3-b0e6-48c6-80ed-61ceb29eda15,TRUE,13143,"Azithromycin, 250mg tablet",CIEL:71780,Tablet,CIEL:71780,250,Milligram,,,,,,,,,
a40da2e0-c981-11e7-abc4-cec278b6b50a,,11579,"Azithromycin, 500mg tablet",CIEL:71780,Tablet,CIEL:71780,500,Milligram,,,,,,,,,
9c2958f7-90c4-488f-8741-445c0bae15ee,,10754,"Beclomethasone, Solution for inhalation, 50 microgram/actuation, 200 dose metered dose inhaler ",CIEL:71916,,CIEL:71916,,,,,,,,,,,
ab912f78-2112-4e87-aca7-1ded71e8a04b,,11196,"Benzathine benzylpenicillin, Powder for solution for injection, 2.4 MIU vial",CIEL:81728,Vial,CIEL:81728,,,,,,,,,,,
289d9476-1bcc-4250-a04e-934c1b212119,TRUE,11760,"Benzoic acid 6% + Salicylic acid 3%, Skin ointment, 40 gram tube",CIEL:72050,Tube,,,,,,,,,,,,
922bfb9f-3db1-45b3-92b1-d1218b49eedd,,10793,"Benzylbenzoate, Skin lotion, 25%, 1000mL bottle",CIEL:409,Bottle,CIEL:409,,,,,,,,,,,
d75c69a0-bd7d-424c-9926-0ba371efe9f4,TRUE,12157,"Benzylbenzoate, Skin lotion, 25%, 200mL bottle",CIEL:409,Bottle,CIEL:409,,,,,,,,,,,
c6a8ddea-fce4-11e9-8f0b-362b9e155667,TRUE,11924,"Benzylpenicillin procaine, Powder for solution for injection, 4 MIU vial",CIEL:159587,Vial,CIEL:159587,,,,,,,,,,,
59ce106d-d9a9-4366-abff-97abb6ff8f9a,,11757,"Bisacodyl, 5mg enteric coated tablet",CIEL:72223,Tablet,CIEL:72223,5,Milligram,,,,,,,,,
75007c92-0e76-44d9-8adf-da1a571ba347,,18238,"Bisoprolol fumarate, 10mg tablet",CIEL:72248,Tablet,CIEL:72248,10,Milligram,,,,,,,,,
219359c9-841e-48ec-bf13-a7d41819fbf9,TRUE,12167,"Bisoprolol fumarate, 5mg tablet",CIEL:72248,Tablet,CIEL:72248,5,Milligram,,,,,,,,,
68111561-d633-4d6c-b0fb-ecadb08a7ecc,,12887,"Bromocriptine mesilate, 2.5mg tablet",CIEL:72411,Tablet,CIEL:72411,2.5,Milligram,,,,,,,,,
1ca5c9f5-ea92-4f07-988e-80c2fed500d9,,10208,"Bupivacaine hydrochloride, Hyperbaric/spinal solution for injection, 0.5% (5mg/mL), 4mL ampoule",CIEL:72506,Ampule(s),CIEL:72506,,,,,,,,,,,
064fbb20-26e8-46e5-b95e-c4d9b9cfa562,TRUE,18390,"Bupivacaine hydrochloride, Preservative free solution for injection,  0.5% (5mg/mL), 30mL vial",CIEL:72506,Vial,CIEL:72506,,,,,,,,,,,
34c1e7ab-80a7-489a-8eb7-074661b250b1,,11154,"Bupivacaine hydrochloride, Solution for injection, 0.5% (5mg/mL), 20mL vial",CIEL:72506,Vial,CIEL:72506,,,,,,,,,,,
831dae75-ca02-4c20-955e-0ff62f2b5e67,,11090,"Caffeine citrate, Solution for injection, 20mg/mL, 3mL ampoule",CIEL:72610,Ampule(s),CIEL:72610,,,,,,,,,,,
4957674b-a8d2-4274-a6a6-b20eed38a652,TRUE,10490,"Caffeine citrate, 20mg/mL, 1 mL ampoule, for injection/oral solution",CIEL:72610,Ampule(s),CIEL:72610,,,,,,,,,,,
46aadfce-b785-4989-9b0e-811238b9a775,TRUE,11752,"Calamine, Skin lotion, 15%, 100mL bottle",CIEL:493,Bottle,CIEL:493,,,,,,,,,,,
83d526fd-c427-4995-a804-07e1a9631a34,,12252,"Calamine, Skin lotion, 15%, 500mL bottle",CIEL:493,Bottle,CIEL:493,,,,,,,,,,,
c6a8df16-fce4-11e9-8f0b-362b9e155667,TRUE,12741,"Calcium carbonate, 1177mg chewable tablet",CIEL:72660,Tablet,CIEL:72660,1177,Milligram,,,,,,,,,
c6a8e66e-fce4-11e9-8f0b-362b9e155667,,12503,"Calcium carbonate, 750mg chewable tablet",CIEL:72660,Tablet,CIEL:72660,750,Milligram,,,,,,,,,
e6b25c2c-6a34-49c5-9224-13b84cc7e6a5,,10941,"Calcium folinate (Leucovorin), Solution for injection, 10mg/mL, 5mL vial",CIEL:78743,Vial,CIEL:78743,,,,,,,,,,,
78a5211c-c325-4602-90e0-fcf5a0101a9e,,10362,"Calcium gluconate, Solution for injection, 100mg/mL (10%), 10mL ampoule",CIEL:72678,Ampule(s),CIEL:72678,,,,,,,,,,,
c6a8e948-fce4-11e9-8f0b-362b9e155667,TRUE,18075,"Calcium lactate, 300mg tablet",CIEL:72686,Tablet,CIEL:72686,300,Milligram,,,,,,,,,
7134a5ba-2033-4833-a1ac-d256fd005932,,11405,"Captopril, 25mg tablet",CIEL:72808,Tablet,CIEL:72808,25,Milligram,,,,,,,,,
e371d811-d32c-4f6e-8493-2fa667b7b44c,,11634,"Carbamazepine, 200mg film coated tablet",CIEL:72822,Tablet,CIEL:72822,200,Milligram,,,,,,,,,
05644010-a050-4ee6-9121-44c3953deb78,,16247,"Carbetocin, Solution for injection, 100 micrograms/mL, 1mL ampoule",CIEL:168058,Ampule(s),CIEL:168058,,,,,,,,,,,
9939c5bd-aa24-4703-a146-aead0782862c,,12742,"Carbimazole, 5mg tablet",CIEL:72848,Tablet,CIEL:72848,5,Milligram,,,,,,,,,
d809f82b-7612-4da2-b075-531f586bdd7c,TRUE,11158,"Carvedilol, 12.5mg tablet",CIEL:72944,Tablet,CIEL:72944,12.5,Milligram,,,,,,,,,
c6a8ea7e-fce4-11e9-8f0b-362b9e155667,,12201,"Cefalexin, 250mg capsule",CIEL:73087,Capsule,CIEL:73087,250,Milligram,,,,,,,,,
4c908591-3adf-4601-b61c-4faddffbee56,,10167,"Cefalexin, 500mg capsule",CIEL:73087,Capsule,CIEL:73087,500,Milligram,,,,,,,,,
fd576d2f-1472-47d8-b925-3cebeb5b1c44,,10083,"Cefixime, 400mg film coated tablet",CIEL:72944,Tablet,CIEL:72944,400,Milligram,,,,,,,,,
88e7abe7-c50c-4b57-b1f2-121192e6209e,,10860,"Cefotaxime sodium, Powder for solution for injection, 1 gram vial",CIEL:73019,Vial,CIEL:73019,,,,,,,,,,,
92cc3428-4e7c-425e-a60f-61ecd93f4fb9,,13167,"Cefotaxime sodium, Powder for solution for injection, 500mg vial with solvent",CIEL:73019,Vial,CIEL:73019,,,,,,,,,,,
2379d0a0-e571-48ce-bbc2-a1ca7c1c0504,,11278,"Ceftriaxone, Powder for solution for injection, 250mg vial",CIEL:73041,Vial,CIEL:73041,,,,,,,,,,,
b697554f-491b-4ad4-a259-bb2f4f1d16a3,,10983,"Ceftriaxone, Powder for solution for injection, 1 gram vial",CIEL:73041,Vial,CIEL:73041,,,,,,,,,,,
199bd4a3-b4ab-4bcc-bb1d-52d4e270bf71,,11541,"Cetirizine hydrochloride, 10mg tablet",CIEL:73137,Tablet,CIEL:73137,10,Milligram,,,,,,,,,
881f7515-f318-444d-821b-dd34cba5f9b6,,10092,"Charcoal, Activated, Granules for oral suspension, 50 gram bottle",CIEL:70229,Bottle,CIEL:70229,,,,,,,,,,,
57e41df2-d64c-4316-a4e4-35613bd36a35,TRUE,11696,"Chloramphenicol sodium succinate, Powder for solution for injection, 1 gram vial",CIEL:73241,Vial,CIEL:73241,,,,,,,,,,,
a94cfca9-e230-4909-af46-106ef5034cac,TRUE,10796,"Chloramphenicol, 250mg capsule",CIEL:73239,Capsule,CIEL:73239,250,Milligram,,,,,,,,,
d8283445-07f9-4af6-ac73-ffe4818a66b5,TRUE,10613,"Chloramphenicol, Eye ointment, 1%, 5 gram tube",CIEL:73239,Tube,CIEL:73239,,,,,,,,,,,
203e9c50-ff86-44f7-8725-b8c5c475bd23,TRUE,10910,"Chloramphenicol, Oral suspension, 25mg/mL, 100mL bottle",CIEL:73239,Bottle,CIEL:73239,,,,,,,,,,,
fcd0306e-3195-4f8d-8b3d-6478b62a07cc,,14577,"Chlorhexidine digluconate, Umbilical cord care solution, 7.1% (delivering 4% chlorhex.), 10mL bottle",CIEL:73265,Bottle,CIEL:73265,,,,,,,,,,,
6ae937dd-d13a-4c8c-acbf-72c046f4dcf6,,14391,"Chlorhexidine digluconate, Umbilical cord care solution, 7.1% (delivering 4% chlorhex.), 15mL bottle",CIEL:73265,Bottle,CIEL:73265,,,,,,,,,,,
f2f89339-e21f-49b3-8fa8-a28a496d5723,,12365,"Chlorhexidine gluconate, 5% concentrated solution, 1L bottle",CIEL:73265,Bottle,CIEL:73265,,,,,,,,,,,
c6a8eba0-fce4-11e9-8f0b-362b9e155667,TRUE,12335,"Chlorphenamine maleate, 4mg tablet",CIEL:913,Tablet,CIEL:913,4,Milligram,,,,,,,,,
64cee8e6-3263-49c7-b622-9b95eff36b43,TRUE,12312,"Chlorpromazine hydrochloride, 100mg film coated tablet",CIEL:73331,Tablet,CIEL:73331,100,Milligram,,,,,,,,,
6a2a96d1-c01f-48d3-b3b9-2741bce4e064,,10438,"Chlorpromazine hydrochloride, 25mg film coated tablet",CIEL:73331,Tablet,CIEL:73331,25,Milligram,,,,,,,,,
526d37fd-d378-441d-8af4-423a46447cbc,,12163,"Chlorpromazine hydrochloride, Solution for injection, 25mg/mL, 2mL ampoule",CIEL:73331,Ampule(s),CIEL:73331,,,,,,,,,,,
cf3475bc-b3d7-4b37-b30f-aca93cdc81c7,TRUE,10385,"Cimetidine, 200mg tablet",CIEL:73419,Tablet,CIEL:73419,200,Milligram,,,,,,,,,
24340814-16d2-430a-996f-ae49fc906110,,11315,"Cimetidine, Solution for injection, 100mg/mL, 2mL ampoule",CIEL:73419,Ampule(s),CIEL:73419,,,,,,,,,,,
2a885fd0-f8c9-43fb-883b-fe25d5769338,,10346,"Ciprofloxacin, 500mg film coated tablet",CIEL:73449,Tablet,CIEL:73449,500,Milligram,,,,,,,,,
c6a8ecb8-fce4-11e9-8f0b-362b9e155667,,12160,"Ciprofloxacin, Solution for infusion, 2mg/mL, 100mL polypropylene infusion bag",CIEL:73449,,CIEL:73449,,,,,,,,,,,
bd0adf3e-11f1-4dfd-8a18-be651c8c2599,,12671,"Citalopram, 20mg tablet",CIEL:73461,Tablet,CIEL:73461,20,Milligram,,,,,,,,,
f90d02b1-4f09-4ab7-af81-24a2318ea782,,11306,"Clindamycin hydrochloride, 150mg capsule",CIEL:73547,Capsule,CIEL:73547,150,Milligram,,,,,,,,,
49a07032-9fe2-4c49-958e-97c3ada8e223,,10059,"Clindamycin phosphate, Solution for injection, 150mg/mL, 4mL ampoule",CIEL:73550,Ampule(s),CIEL:73550,,,,,,,,,,,
8d7c8333-43f2-4e81-9923-14cdd790dcc3,,11768,"Clopidogrel, 75mg film coated tablet",CIEL:73602,Tablet,CIEL:73602,75,Milligram,,,,,,,,,
b3bd154a-2f64-451a-bde4-f38be72b72ce,,11779,"Clotrimazole, 500mg vaginal tablet with applicator",CIEL:73624,Tablet,CIEL:73624,500,Milligram,,,,,,,,,
5e11cd96-3277-4a74-968e-1aa3d3312e6c,,11811,"Clotrimazole, Skin cream, 1%, 20 gram tube",CIEL:73624,Tube,CIEL:73624,,,,,,,,,,,
9b522f67-2486-455b-ad73-e84182733504,,12371,"Cloxacillin sodium, Powder for solution for injection, 500mg vial",CIEL:73629,Vial,CIEL:73629,,,,,,,,,,,
6280e6c2-03e7-4d79-aede-bc61ceaf4185,,10279,"Cloxacillin, 500mg capsule",CIEL:73628,Capsule,CIEL:73628,,,,,,,,,,,
7e342f10-b26f-4ec2-a22c-09bd1429d203,,11747,"Condom, Male, Latex, with lubricant",CIEL:190,,CIEL:190,,,,,,,,,,,
85153088-b868-4723-aacd-27f25f121685,,11774,"Cotrimoxazole (Sulfamethoxazole/Trimethoprim), 800mg/160mg tablet",CIEL:105281,Tablet,CIEL:84471,800,Milligram,CIEL:85498,160,Milligram,,,,,,
c6a8edda-fce4-11e9-8f0b-362b9e155667,TRUE,12302,"Cotrimoxazole (Sulfamethoxazole/Trimethoprim), 100mg/20mg tablet",CIEL:105281,Tablet,CIEL:84471,100,Milligram,CIEL:85498,20,Milligram,,,,,,
54972d88-156e-465e-8483-9a9e97d5898f,,12186,"Cotrimoxazole (Sulfamethoxazole/Trimethoprim), 400mg/80mg tablet",CIEL:105281,Tablet,CIEL:84471,400,Milligram,CIEL:85498,80,Milligram,,,,,,
b3910fb7-2b17-44e6-8a52-8543af46c935,,10131,"Cotrimoxazole (Sulfamethoxazole/Trimethoprim), Oral suspension, 40mg/mL + 8mg/mL, 100mL bottle",CIEL:105281,Bottle,,,,,,,,,,,,
7e35185d-5465-4277-b7f4-945d8d361faa,,11594,"Cotrimoxazole (Sulfamethoxazole/Trimethoprim), Solution for injection, 80mg/mL + 16mg/mL, 5mL amp",CIEL:105281,Ampule(s),,,,,,,,,,,,
e3c1533d-d1d3-4bdb-9a49-2095880197dd,,11730,"Cyanocobalamin (Vitamin B12), Solution for injection, 1mg/mL, 1mL ampoule",CIEL:86340,Ampule(s),CIEL:86340,,,,,,,,,,,
a114a69a-3b5b-4d39-a4ea-e6a28b90f80f,,12313,"Dantrolene sodium, Lyophilized powder for solution for injection, 20mg vial",CIEL:74246,Vial,CIEL:74246,,,,,,,,,,,
6d8e4b12-7688-4d58-972d-41ffb2cd62c0,TRUE,10890,"Dapsone, 100mg tablet",CIEL:74250,Tablet,CIEL:74250,100,Milligram,,,,,,,,,
abc4ad79-bf56-46e3-b945-0762e0d3d491,,10231,"Dexamethasone sodium phosphate, Eye drop, 0.1%, 5mL bottle",CIEL:74614,Bottle,CIEL:74614,,,,,,,,,,,
c08f2263-d176-4815-910f-d4d030bb5c40,,11083,"Dexamethasone sodium phosphate, Solution for injection, 4mg/mL, 1mL ampoule",CIEL:74614,Ampule(s),CIEL:74614,,,,,,,,,,,
0c72529a-daa1-433c-bd3c-573d0ed4a61e,TRUE,21176,"Dexamethasone sodium phosphate, Solution for injection, 4mg/mL, 2mL vial",CIEL:74614,Vial,CIEL:74614,,,,,,,,,,,
bc357307-6820-4e63-b236-2b53e4a714ea,TRUE,13168,"Dexamethasone, 2mg tablet",CIEL:74609,Tablet,CIEL:74609,2,Milligram,,,,,,,,,
399834b1-b44b-11e3-a5e2-0800200c9a66,,12208,"Dexamethasone, 4mg tablet",CIEL:74609,Tablet,CIEL:74609,4,Milligram,,,,,,,,,
11341840-45ed-476b-8deb-eb3eafb8235f,,12210,"Dexamethasone, 500 microgram tablet",CIEL:74609,Tablet,CIEL:74609,500,Microgram,,,,,,,,,
e412db6c-f58e-4c9e-abe6-4dac164fe525,,10599,"Dextrose (Glucose), Hypertonic solution for injection, 50% (500mg/mL), 50mL vial",CIEL:104745,Vial,CIEL:104745,,,,,,,,,,,
f22d17a9-c4d6-4556-8637-c9bbca0de54e,TRUE,17878,"Dextrose, Hypertonic solution for injection, 10% (100mg/mL), 10mL ampoule",CIEL:161922,Ampule(s),CIEL:161922,,,,,,,,,,,
c6a91df0-fce4-11e9-8f0b-362b9e155667,TRUE,12209,"Dextrose 5% in Sodium chloride 0.9%, Intravenous infusion, 1000mL nipple head bottle",CIEL:162857,Bottle,CIEL:162857,,,,,,,,,,,
e173afee-7e6f-480a-8cff-9e87fe04c547,TRUE,21403,"Dextrose 5% in Sodium chloride 0.9%, Intravenous infusion, 1000mL flex bag with additive port",CIEL:162857,,CIEL:162857,,,,,,,,,,,
843b0d53-579b-45a6-9a9a-3b9024c7cfe9,TRUE,11886,"Dextrose 5% in Sodium chloride 0.9%, Intravenous infusion, 500mL nipple head bottle",CIEL:162857,Bottle,CIEL:162857,,,,,,,,,,,
7b041f38-24cf-4f3b-ae97-6d17a2b5f864,TRUE,11553,"Dextrose 5% in water, Intravenous infusion, 500mL nipple head bottle",CIEL:161250,Bottle,CIEL:161250,,,,,,,,,,,
64fdf6f7-7bd9-49e5-bc10-629ed6fc3b0e,,10961,"Dextrose 5% in water, Intravenous infusion, 500mL twin port bag/bottle",CIEL:161250,Bottle,CIEL:161250,,,,,,,,,,,
e44a4246-603d-4e9b-b260-c39afc51df33,,21363,"Dextrose 5% in water, Intravenous infusion, 1000mL twin port bag/bottle",CIEL:161250,Bottle,CIEL:161250,,,,,,,,,,,
09c8cd20-3d4f-45bb-8192-b8d14b7f7fb6,,10129,"Dextrose, 10% Intravenous infusion, 500mL flex bag with additive port",CIEL:161922,,CIEL:161922,,,,,,,,,,,
a4f859c4-2962-457d-b63a-175b43472393,TRUE,21402,"Dextrose 10% in water, Intravenous infusion, 500mL nipple head bottle",CIEL:161922,Bottle,CIEL:161922,,,,,,,,,,,
54050882-524f-46c2-b898-d514ee633ab0,TRUE,10737,"Dextrose, 5% Intravenous infusion, 1000mL plastic bottle, PVC free",CIEL:161250,Bottle,CIEL:161250,,,,,,,,,,,
39d7a7ee-b0ff-48e0-a7ca-685688147c8f,,10873,"Diazepam, 5mg tablet",CIEL:74745,Tablet,CIEL:74745,5,Milligram,,,,,,,,,
923e3e90-8b5c-4ae6-b17f-b6d547803437,,10664,"Diazepam, Solution for injection, 5mg/mL, 2mL vial",CIEL:74745,Vial,CIEL:74745,,,,,,,,,,,
c6a8f6cc-fce4-11e9-8f0b-362b9e155667,,12244,"Diclofenac sodium, 50mg enteric coated tablet",CIEL:74782,Tablet,CIEL:74782,50,Milligram,,,,,,,,,
b5f01af3-b4c0-45f6-bbd7-aa2e9e846987,TRUE,10854,"Diclofenac sodium, Solution for injection, 25mg/mL, 1mL ampoule",CIEL:74782,Ampule(s),CIEL:74782,,,,,,,,,,,
b46c6f06-3ea1-46cd-a6e9-70855d950916,,20824,"Diclofenac sodium, Solution for injection, 25mg/mL, 3mL ampoule",CIEL:74782,Ampule(s),CIEL:74782,,,,,,,,,,,
aa0d0f51-d60e-4118-8121-10194a640589,,10574,"Digoxin, 250 microgram tablet",CIEL:74860,Tablet,CIEL:74860,250,Microgram,,,,,,,,,
91e556b3-e7f0-4a65-b994-fc56f09bf768,,10937,"Digoxin, Solution for injection, 250 microgram/mL, 2mL ampoule",CIEL:74860,Ampule(s),CIEL:74860,,,,,,,,,,,
81694757-3336-4195-ac6b-ea574b9b8597,,11758,"Diphenhydramine hydrochloride, 25mg tablet",CIEL:75018,Tablet,CIEL:75018,25,Milligram,,,,,,,,,
b476d417-800f-4e2e-89ec-09de8fd07607,,10141,"Diphenhydramine hydrochloride, Solution for injection, 50mg/mL, 1mL ampoule",CIEL:75018,Ampule(s),CIEL:75018,,,,,,,,,,,
019e2cdc-7526-4165-b1b4-59400c421e68,,11497,"Dopamine hydrochloride, Solution for injection, 40mg/mL, 5mL ampoule",CIEL:75178,Ampule(s),CIEL:75178,,,,,,,,,,,
50d19d57-0387-43f8-afda-c45207a0fbb8,,12369,"Doxazosin mesylate, 2mg tablet",CIEL:75209,Tablet,CIEL:75209,2,Milligram,,,,,,,,,
8aad2a23-2977-4b5b-a30a-4a9142ce774b,,11089,"Doxycycline, 100mg tablet",CIEL:75222,Tablet,CIEL:75222,100,Milligram,,,,,,,,,
78f97b9c-dfbe-11e9-8a34-2a2ae2dbcce4,,11615,"Efavirenz (EFV), 200mg tablet",CIEL:75523,Tablet,CIEL:75523,200,Milligram,,,,,,,,,
78f96210-dfbe-11e9-8a34-2a2ae2dbcce4,,10288,"Efavirenz (EFV), 600mg tablet",CIEL:75523,Tablet,CIEL:75523,600,Milligram,,,,,,,,,
9765afdc-310d-41fb-a09f-be9a581b0d75,,12755,"Emtricitabine (FTC) 200mg + Tenofovir disoproxil fumarate (TDF) 245mg tablet",CIEL:104567,Tablet,CIEL:75628,200,Milligram,CIEL:84795,245,Milligram,,,,,,
ac6a5bab-7df4-4275-af88-acdad53ccc97,,14482,"Emtricitabine (FTC) 200mg + Tenofovir disoproxil fumarate (TDF) 300mg tablet",CIEL:104567,Tablet,CIEL:75628,200,Milligram,CIEL:84795,300,Milligram,,,,,,
62332d29-ea48-44e9-9329-c89d03ea64f7,,12393,"Enalapril maleate, 10mg tablet",CIEL:75634,Tablet,CIEL:75634,10,Milligram,,,,,,,,,
4efe3f48-2656-4178-bfcd-c6d103851084,,11095,"Enalapril maleate, 5mg tablet",CIEL:75634,Tablet,CIEL:75634,5,Milligram,,,,,,,,,
ee52c057-9a1a-48da-8ca2-d3c7b0808474,TRUE,11611,"Enoxaparin, Solution for injection, 10,000 IU (100mg/mL), 1mL pre-filled syringe",CIEL:75687,Syringe,CIEL:75687,,,,,,,,,,,
134e3d9c-18fe-40c0-8f0e-229af4988a94,,12679,"Enoxaparin, Solution for injection, 8,000 IU (80mg/0.8mL), 0.8mL pre-filled syringe",CIEL:75687,Syringe,CIEL:75687,,,,,,,,,,,
2cdcca8a-fc25-4955-b7c2-3bf32646593b,,20765,"Entecavir, 500 microgram tablet",CIEL:75694,Tablet,CIEL:75694,500,Microgram,,,,,,,,,
4f82d4b0-4999-443c-9a32-a4c1cb22eb44,,16092,"Enteral nutrition, 1-1.5kcal/mL, High protein, Adult, 250mL",CIEL:165950,,CIEL:165950,,,,,,,,,,,
1dd4834a-e86d-4de0-8eb9-91a8b08bf02f,,10561,"Ephedrine hydrochloride, Solution for injection, 30mg/mL, 1mL ampoule",CIEL:75722,Ampule(s),CIEL:75722,,,,,,,,,,,
82f4f009-d17b-44c9-b42b-0e080fda0572,TRUE,10149,"Ergometrine maleate, 500 microgram, tablet",CIEL:75801,Tablet,CIEL:75801,500,Microgram,,,,,,,,,
c6a8fb2c-fce4-11e9-8f0b-362b9e155667,,12307,"Erythromycin stearate, 250mg film coated tablet",CIEL:75847,Tablet,CIEL:75847,250,Milligram,,,,,,,,,
1ff620f2-f9c7-4fcd-8a52-6f02b1167563,TRUE,11272,"Erythromycin, Powder for oral suspension, 125mg/5mL, 100mL bottle",CIEL:75842,Bottle,CIEL:75842,,,,,,,,,,,
3026603f-bf52-44c2-b322-5753d0e654bc,,10957,"Fentanyl citrate, Solution for injection, 50 microgram/mL, 2mL ampoule",CIEL:76273,Ampule(s),CIEL:76273,,,,,,,,,,,
33ec6eca-1f62-4ebc-acea-f5524c2b4f40,TRUE,10713,Ferrous sulfate 200mg + folic acid 250 microgram tablet,CIEL:773,Tablet,CIEL:76342,200,Milligram,CIEL:76613,250,Microgram,,,,,,
4108e268-44c2-4c27-9cc7-114ed6dbd75c,,13170,"Ferrous sulfate, 200mg (eq. 65mg elemental Fe) + folic acid 400 microgram tablet",CIEL:773,Tablet,CIEL:76342,200,Milligram,CIEL:76613,400,Microgram,,,,,,
15413c3c-33ad-4af2-a492-042e51502e62,,12322,"Ferrous sulfate, 200mg (eq. 65mg elemental Fe) tablet",CIEL:76342,Tablet,CIEL:76342,200,Milligram,,,,,,,,,
74f565ce-c515-41b2-bbd4-29fc6416231b,,11397,"Fluconazole, 200mg capsule",CIEL:76488,Capsule,CIEL:76488,200,Milligram,,,,,,,,,
cf0037b9-f5a9-4f39-a287-a3e09f02557b,TRUE,10711,"Fluconazole, Powder for oral suspension, 10mg/mL, 35mL bottle",CIEL:76488,Bottle,CIEL:76488,,,,,,,,,,,
ed2113de-4d20-41bb-b0b3-fa87e6d69944,,12610,"Fluconazole, Solution for infusion, 2mg/mL, 100mL vial",CIEL:76488,Vial,CIEL:76488,,,,,,,,,,,
15c88f63-65fa-45c2-8f64-65dff9636202,,10478,"Flumazenil, Solution for injection, 100 microgram/mL, 5mL ampoule",CIEL:76500,Ampule(s),CIEL:76500,,,,,,,,,,,
7f7178bd-a1f8-44dd-85a9-02e49065e56b,TRUE,11473,"Fluoxetine hydrochloride, 20mg scored tablet",CIEL:76553,Tablet,CIEL:76553,20,Milligram,,,,,,,,,
7b8ea0bf-e023-4238-bbbd-aaf4429be631,,13795,"Flupenthixol (Oily) decanoate, Solution for depot injection, 20mg/mL, 1mL ampoule",CIEL:76556,Ampule(s),CIEL:76556,,,,,,,,,,,
fd58488b-b6ee-4a73-bf77-ab1eb44ec0b7,,12357,"Fluphenazine (Oily) decanoate, Solution for depot injection, 25mg/mL, 1mL ampoule",CIEL:76558,Ampule(s),CIEL:76558,,,,,,,,,,,
70f1bf74-67df-4fe5-a043-a4202136c6e4,,20856,"Fluphenazine, 10mg tablet",CIEL:76558,Tablet,CIEL:76558,10,Milligram,,,,,,,,,
37762747-7a31-4788-a408-b7a3cb350806,,20857,"Fluphenazine, 2mg tablet",CIEL:76558,Tablet,CIEL:76558,2,Milligram,,,,,,,,,
6241e56b-ec9c-4c5b-a79c-1ce6481b1acb,,10370,"Folic acid, 5mg tablet",CIEL:76613,Tablet,CIEL:76613,5,Milligram,,,,,,,,,
69e40ed3-d1f0-43d1-8b91-423cf7daf087,TRUE,14044,"Furosemide, 20mg tablet",CIEL:76734,Tablet,CIEL:76734,20,Milligram,,,,,,,,,
fb5842a2-60ef-4539-b428-f99a1f76c85f,,10892,"Furosemide, 40mg tablet",CIEL:76734,Tablet,CIEL:76734,40,Milligram,,,,,,,,,
2e454fbe-99f4-491f-9a89-9107c3293974,,11383,"Furosemide, Solution for injection, 10mg/mL, 2mL ampoule",CIEL:76734,Ampule(s),CIEL:76734,,,,,,,,,,,
d7628d7f-82ba-4cbd-a443-e4dc688ce303,TRUE,15791,"Furosemide, Solution for injection, 10mg/mL, 4mL ampoule",CIEL:76734,Ampule(s),CIEL:76734,,,,,,,,,,,
399c70e3-5a87-445a-9370-1d8ae081c424,,11799,"Gabapentin, 400mg capsule",CIEL:76750,Capsule,CIEL:76750,400,Milligram,,,,,,,,,
a9330ce0-7369-41ea-98c7-1cda24a2afa2,,11460,"Gentamicin sulfate, Eye and Ear drop, 0.3%, 10mL bottle",CIEL:76942,Bottle,CIEL:76942,,,,,,,,,,,
b09cd1eb-b44d-40ca-af48-49c373c408ea,,10120,"Gentamicin, Solution for injection, 40mg/mL, 2mL ampoule",CIEL:100,Ampule(s),CIEL:100,,,,,,,,,,,
5c21704a-6268-4854-845d-55c573bed967,,10933,"Glibenclamide, 5mg tablet",CIEL:77071,Tablet,CIEL:77071,5,Milligram,,,,,,,,,
066f6da7-0368-4d24-a4ad-41edde5880a9,,16168,"Glycopyrronium (Glycopyrrolate) bromide, Solution for injection, 200 microgram/mL, 1mL amp/vial",CIEL:77083,Vial,CIEL:77083,,,,,,,,,,,
280353a2-3da7-480b-ab58-03dcd401d3ff,TRUE,10049,"Griseofulvin, 500mg tablet",CIEL:77164,Tablet,CIEL:77164,500,Milligram,,,,,,,,,
73813726-3e82-4230-87dd-25dc963579b6,,10278,"Haemorrhoid relief, Rectal ointment, 30 gram tube",CIEL:162167,Tube,CIEL:162167,,,,,,,,,,,
671d7b24-6266-4af5-a998-4997f2cd6d48,,12567,"Haloperidol (Oily) decanoate, Solution for depot injection, 50mg/mL, 1mL ampoule",CIEL:77336,Ampule(s),CIEL:77336,,,,,,,,,,,
23f2d94b-3072-4e86-b737-d5ccded81bc0,,11724,"Haloperidol, 5mg tablet",CIEL:77335,Tablet,CIEL:77335,5,Milligram,,,,,,,,,
a8541367-1eb0-4144-9cc7-41a909902d5d,,10392,"Haloperidol, Solution for injection, 5mg/mL, 1mL ampoule",CIEL:77335,Ampule(s),CIEL:77335,,,,,,,,,,,
95c75f93-5b3b-4ca6-93d5-9d0db0130f20,TRUE,12361,"Halothane, Inhalation liquid, 250mL bottle",CIEL:77343,Bottle,CIEL:77343,,,,,,,,,,,
8482efcf-1c22-448e-8fa4-60fd1cb0f45f,,13074,"Hepatitis B, Vaccine, rDNA, Adult (20 microgram dose), 1mL monodose vial (1 dose)",CIEL:782,Vial,CIEL:782,,,,,,,,,,,
2ff6dfce-cd7e-4a1c-9916-f398c4aaec1f,TRUE,10373,"Hydralazine hydrochloride, 25mg tablet",CIEL:77676,Tablet,CIEL:77676,25,Milligram,,,,,,,,,
096dae85-9eee-466b-b059-9f5dd13af242,,11190,"Hydralazine hydrochloride, Powder for solution for injection, 20mg vial/amp",CIEL:77676,,CIEL:77676,,,,,,,,,,,
ce857097-f7a1-4178-b018-a8067a5710d1,,10579,"Hydrochlorothiazide (HCT), 25mg tablet",CIEL:77696,Tablet,CIEL:77696,25,Milligram,,,,,,,,,
a811008f-05fd-4f30-b50c-4d3636472db5,,11632,"Hydrocortisone acetate, Skin cream, 1%, 15 gram tube",CIEL:77719,Tube,CIEL:77719,,,,,,,,,,,
c6a8fca8-fce4-11e9-8f0b-362b9e155667,TRUE,12390,"Hydrocortisone, Preservative free powder for solution for injection, 100mg vial",CIEL:77719,Vial,CIEL:77719,,,,,,,,,,,
68f687c0-2875-4934-a060-825be42943e2,,11136,"Hydrogen peroxide, 3%, 500mL bottle",CIEL:169978,Bottle,CIEL:169978,,,,,,,,,,,
8535b93e-cacf-4de2-bf42-84abf8e72782,,10724,"Hydroxycarbamide, 500mg capsule",CIEL:77795,Capsule,CIEL:77795,500,Milligram,,,,,,,,,
8f2d1a7e-4ddb-4805-bf7e-1fb765592124,,11380,"Hyoscine butylbromide, 10mg film coated tablet",CIEL:431,Tablet,CIEL:431,10,Milligram,,,,,,,,,
1200cf31-e084-4228-9d87-efcb103ea7f9,TRUE,14633,"Hyoscine butylbromide, Solution for injection, 10mg/mL, 1mL ampoule",CIEL:431,Ampule(s),CIEL:431,,,,,,,,,,,
9cfb1288-2db4-4ca6-b3f8-da4d85058e42,,10739,"Hyoscine butylbromide, Solution for injection, 20mg/mL, 1mL ampoule",CIEL:431,Ampule(s),CIEL:431,,,,,,,,,,,
c6a8fdfc-fce4-11e9-8f0b-362b9e155667,,12367,"Ibuprofen, 200mg tablet",CIEL:77897,Tablet,CIEL:77897,200,Milligram,,,,,,,,,
36e09631-e6d8-41c9-92d2-c945750a39b9,,10282,"Ibuprofen, 400mg tablet",CIEL:77897,Tablet,CIEL:77897,400,Milligram,,,,,,,,,
49f646b5-c9a3-47e7-9fc2-bb187673b838,TRUE,10534,"Ibuprofen, Oral solution, 20mg/mL, 100mL bottle",CIEL:77897,Bottle,CIEL:77897,,,,,,,,,,,
523dad76-c970-4e58-a2cb-dd9117fdefa6,TRUE,10172,"Immunoglobulin (Human), Anti-D, 300 microgram (1,500 IU)/2mL prefilled syringe",CIEL:83322,Syringe,CIEL:83322,,,,,,,,,,,
c6a90a72-fce4-11e9-8f0b-362b9e155667,,11574,"Infant formula, 0-6 months, Powder, 400 gram tin",CIEL:5254,,CIEL:5254,,,,,,,,,,,
1f020764-3ae2-49e6-b234-9403ec91c921,TRUE,24452,"Infant formula, Powder, 0-12 months, 20 cal/fl oz, 352 gram (12.4oz) can (Similac Advance)",CIEL:5254,Can,CIEL:5254,,,,,,,,,,,
71b2a8f7-10cd-4731-9bc1-a5d3c72755a9,TRUE,24451,"Infant formula, Powder, Premature, 22 cal/fl oz, High protein, 646 gram (22.8oz) can (Similac NeoSure)",CIEL:5254,Can,CIEL:5254,,,,,,,,,,,
b8191e4b-e474-4b5e-b258-a9f2a70ebfc8,,18023,"Insulin, Solution for injection, Glargine, 100IU/mL, 3mL prefilled pen (Lantus Solostar)",CIEL:78064,,CIEL:78064,,,,,,,,,,,
742014cb-a3b0-4fad-aa23-b7474fe35cbe,,18021,"Insulin, Solution for injection, Glulsine, 100 IU/mL, 3mL prefilled pen (Apidra Solostar)",CIEL:78065,,CIEL:78065,,,,,,,,,,,
77077171-df0f-43c8-9a6b-245914fc143b,,10290,"Insulin, Solution for injection, Neutral human, 70/30 (Mixtard), 100IU/mL, 10mL vial",CIEL:159459,Vial,CIEL:159459,,,,,,,,,,,
8c2b450b-7676-46f0-91bb-0038b9f6ea17,TRUE,18024,"Insulin, Solution for injection, Neutral human, 70/30 (Mixtard), 100IU/mL, 3mL prefilled pen",CIEL:159459,Vial,CIEL:159459,,,,,,,,,,,
568b5484-1f52-424a-a45d-3f1c9e0d92d6,TRUE,10442,"Insulin, Solution for injection, Neutral human, NPH (Lente/Isophane), 100IU/mL, 10mL vial",CIEL:78068,Vial,CIEL:78068,,,,,,,,,,,
def06cd2-c046-4afc-9a49-475d3481cbcf,,11265,"Insulin, Solution for injection, Neutral human, Regular (Rapid-Acting), 100IU/mL, 10mL vial",CIEL:78082,Vial,CIEL:78082,,,,,,,,,,,
f75e1e95-b1be-11e3-a5e2-0800200c9a66,,11853,"Intra uterine device (I.U.D.), Copper, TCU 380 A",CIEL:5275,,CIEL:5275,,,,,,,,,,,
77a3b355-ccec-4ec6-9a60-88af0667c25a,,18181,"Ipratropium bromide, Solution for inhalation, 20 microgram/actuation, 200 dose inhaler",CIEL:78200,,CIEL:78200,,,,,,,,,,,
640c6d82-b135-433b-9d79-9dc54ab7bf06,,10721,"Ipratropium bromide, Solution for nebulisation, 250 microgram/mL, 1mL ampoule",CIEL:78200,Ampule(s),CIEL:78200,,,,,,,,,,,
5efd3b70-e70c-49d1-ac2c-d6d0bbb28634,,10340,"Isoflurane, Inhalation liquid, 250mL bottle",CIEL:78258,Bottle,CIEL:78258,,,,,,,,,,,
e47fa273-0c52-4f0f-b57b-34001a3e9677,,11091,"Isoniazid (H), 100mg tablet",CIEL:78280,Tablet,CIEL:78280,100,Milligram,,,,,,,,,
849218ee-901c-46b3-80f9-7c808132893b,,11115,"Isoniazid (H), 300mg tablet",CIEL:78280,Tablet,CIEL:78280,300,Milligram,,,,,,,,,
e0990a28-7f3a-4941-9788-50710a93074e,,12219,"Isosorbide dinitrate, 10mg tablet",CIEL:78305,Tablet,CIEL:78305,10,Milligram,,,,,,,,,
95518896-df94-4e7d-b233-cc5af823975a,TRUE,10262,"Isosorbide dinitrate, 20mg extended release tablet",CIEL:78305,Tablet,CIEL:78305,20,Milligram,,,,,,,,,
6a210d68-871e-4f44-8dc4-e92ff69da458,TRUE,10350,"Isosorbide dinitrate, 5mg tablet",CIEL:78305,Tablet,CIEL:78305,5,Milligram,,,,,,,,,
c6a8ff3c-fce4-11e9-8f0b-362b9e155667,,12402,"Ivermectin, 3mg tablet",CIEL:78342,Tablet,CIEL:78342,3,Milligram,,,,,,,,,
f102d5c2-0844-423b-b2f6-33dc1b249f46,,10615,"Ketamine hydrochloride, Solution for injection, 50mg/mL, 10mL vial",CIEL:78468,Vial,CIEL:78468,,,,,,,,,,,
fdac7224-ffeb-4c4b-93be-225fefdddbf2,,10293,"Labetalol, Solution for injection, 5mg/mL, 20mL vial",CIEL:78599,Vial,CIEL:78599,,,,,,,,,,,
9af13bea-383d-40cb-a6d3-3b2ded46d222,,16408,"Lactulose, Oral solution, 0.67g/mL (66.5% ), 200mL bottle",CIEL:78632,Bottle,CIEL:78632,,,,,,,,,,,
aa455dc6-7e45-4859-82e6-4392407b2dc2,TRUE,10327,"Lactulose, Oral solution, 0.67g/mL, 500mL bottle",CIEL:78632,Bottle,CIEL:78632,,,,,,,,,,,
78f9739a-dfbe-11e9-8a34-2a2ae2dbcce4,,11282,Lamivudine (3TC) 150mg + Nevirapine (NVP) 200mg + Zidovudine (AZT) 300mg tablet,CIEL:1652,Tablet,CIEL:78643,150,Milligram,CIEL:80586,200,Milligram,CIEL:86663,300,Milligram,,,
78f968e6-dfbe-11e9-8a34-2a2ae2dbcce4,,10689,Lamivudine (3TC) 150mg + Zidovudine (AZT) 300mg tablet,CIEL:630,Tablet,CIEL:78643,150,Milligram,CIEL:86663,300,Milligram,,,,,,
78f97cfa-dfbe-11e9-8a34-2a2ae2dbcce4,,11737,Lamivudine (3TC) 30mg + Nevirapine (NVP) 50mg + Zidovudine (AZT) 60mg dispersible tablet,CIEL:1652,Tablet,CIEL:78643,30,Milligram,CIEL:80586,50,Milligram,CIEL:86663,60,Milligram,,,
78f95fa4-dfbe-11e9-8a34-2a2ae2dbcce4,,10238,Lamivudine (3TC) 30mg + Zidovudine (AZT) 60mg tablet,CIEL:630,Tablet,CIEL:78643,30,Milligram,CIEL:86663,60,Milligram,,,,,,
e25a6291-209d-41b4-83ad-28e2fd4c568c,,13203,"Lamotrigine, 50mg tablet",CIEL:78644,Tablet,CIEL:78644,50,Milligram,,,,,,,,,
c6a93150-fce4-11e9-8f0b-362b9e155667,,10080,"Levonorgestrel (Jadelle), Subdermal implant, 2 x 75 mg implants in sterile pouch + trocar.",CIEL:78796,,CIEL:78796,,,,,,,,,,,
f1bb371a-c172-4bd1-b734-a36c801697df,,11339,"Levonorgestrel 150 microgram + Ethinylestradiol 30 microgram + Ferrous fumarate 75mg, tablet",CIEL:162296,Tablet,CIEL:78796,150,Microgram,PIH:20936,30,Microgram,CIEL:76335,75,Milligram,,,
c6a951d0-fce4-11e9-8f0b-362b9e155667,TRUE,20988,"Levonorgestrel 150 microgram + Ethinylestradiol 30 microgram, tablet",CIEL:104625,Tablet,CIEL:78796,150,Microgram,PIH:20936,30,Microgram,,,,,,
c6a9327c-fce4-11e9-8f0b-362b9e155667,,17879,"Levonorgestrel, 1.5mg tablet",CIEL:78796,Tablet,CIEL:78796,1.5,Milligram,,,,,,,,,
a275302c-b767-4d1a-96c0-e8350a968060,,12690,"Levonorgestrel, 30 microgram tablet",CIEL:78796,Tablet,CIEL:78796,30,Microgram,,,,,,,,,
3ca1fb3f-02e6-465d-86d9-b016ee30207b,,10876,"Levonorgestrel, 750 microgram tablet",CIEL:78796,Tablet,CIEL:78796,750,Microgram,,,,,,,,,
0c43e428-433f-4e96-91f0-277ccc408e6c,,11623,"Levothyroxine sodium, 100 microgram tablet",CIEL:78809,Tablet,CIEL:78809,100,Microgram,,,,,,,,,
cb4b72e6-0508-48b3-8e87-89db713b8db6,TRUE,10832,"Lidocaine hydrochloride 1% + Adrenaline 1:200,000, 20mL vial",CIEL:104584,Vial,,,,,,,,,,,,
1e4d8e9f-10db-4dc7-9907-36b349286c48,TRUE,12277,"Lidocaine hydrochloride 5% (5mg/mL), Hyperbaric/spinal solution for injection, 2mL ampoule",CIEL:78850,Ampule(s),CIEL:78850,,,,,,,,,,,
e87f6cb0-de6f-4658-9ba1-246b8f9b79fa,TRUE,11417,"Lidocaine hydrochloride, Preservative free solution for injection, 1% (10mg/mL), 20mL vial",CIEL:78850,Vial,CIEL:78850,,,,,,,,,,,
57c69df3-15c4-4b7d-a18c-332800f00c24,TRUE,14497,"Lidocaine hydrochloride, Solution for injection, 1%, 5mL vial",CIEL:78850,Vial,CIEL:78850,,,,,,,,,,,
c6a90068-fce4-11e9-8f0b-362b9e155667,TRUE,12512,"Lidocaine hydrochloride, Solution for injection, 2%, 50mL vial (With preservative)",CIEL:78850,Vial,CIEL:78850,,,,,,,,,,,
a30aa780-1b61-4eec-aedd-9590b892580f,,12138,"Lisinopril, 10mg tablet",CIEL:78945,Tablet,CIEL:78945,10,Milligram,,,,,,,,,
4534a926-8dc4-440b-bdf9-f9e96d282a28,,10053,"Lisinopril, 20mg tablet",CIEL:78945,Tablet,CIEL:78945,20,Milligram,,,,,,,,,
d0876723-9087-4ea5-b26d-d46cf914835f,,11114,"Lisinopril, 5mg tablet",CIEL:78945,Tablet,CIEL:78945,5,Milligram,,,,,,,,,
3c9fa00d-f14f-4bd5-bca8-edeb88cad587,,10805,"Loperamide hydrochloride, 2mg tablet",CIEL:79038,Tablet,CIEL:79038,2,Milligram,,,,,,,,,
78f976c4-dfbe-11e9-8a34-2a2ae2dbcce4,,11369,Lopinavir (LPV) 100mg + Ritonavir (r) 25mg tablet,CIEL:794,Tablet,CIEL:79040,100,Milligram,CIEL:83412,25,Milligram,,,,,,
78f95e78-dfbe-11e9-8a34-2a2ae2dbcce4,,10161,Lopinavir (LPV) 200mg + Ritonavir (r) 50mg tablet,CIEL:794,Tablet,CIEL:79040,200,Milligram,CIEL:83412,50,Milligram,,,,,,
78faa710-dfbe-11e9-8a34-2a2ae2dbcce4,,11940,"Lopinavir (LPV) 80mg/mL + Ritonavir (r) 20mg/mL, Oral suspension, 160mL bottle",CIEL:794,Bottle,,,,,,,,,,,,
4f3fa931-3da3-4335-bf05-ec123a7e34eb,,12691,"Losartan potassium, 50 mg film coated tablet",CIEL:79075,Tablet,CIEL:79075,50,Milligram,,,,,,,,,
0bb5dfe8-8a9e-4253-893a-7cb12b6314d6,,11048,"Lubricant jelly, Sterile, 5 gram packet",CIEL:162138,,CIEL:162138,,,,,,,,,,,
d3817c4c-2b55-4bda-9a68-bdb124851df3,,11404,"Magnesium sulfate, Solution for injection, 500mg/mL (50%), 10mL ampoule",CIEL:79247,Ampule(s),CIEL:79247,,,,,,,,,,,
4bb669d6-8222-4e82-9302-c5df24cfd5e1,,11007,"Mannitol, Intravenous infusion, 20 grams/100mL (20%), 500mL nipple head bag/bottle",CIEL:161924,Bottle,CIEL:161924,,,,,,,,,,,
c6a9018a-fce4-11e9-8f0b-362b9e155667,,11868,"Medroxyprogesterone acetate, Suspension for depot injection, 150mg/mL, 1mL vial",CIEL:907,Vial,CIEL:907,,,,,,,,,,,
afd2cd78-4dc6-4e91-ac9f-51b9e094e34a,,11144,"Metformin hydrochloride, 500mg tablet",CIEL:79652,Tablet,CIEL:79652,500,Milligram,,,,,,,,,
8cfc3e63-84b3-49c1-a931-e85533e5fdfb,,10500,"Methotrexate, Preservative free solution for injection, 25mg/mL, 2mL vial",CIEL:79700,Vial,CIEL:79700,,,,,,,,,,,
70123af9-a72a-4f6e-a188-140d905a84be,,10002,"Methyldopa, 250mg film coated tablet",CIEL:79723,Tablet,CIEL:79723,250,Milligram,,,,,,,,,
1eb3f203-ecf6-4453-8225-396b7ed801e0,,11439,"Methylergometrine, Solution for injection, 200 microgram/mL, 1mL ampoule",CIEL:79729,Ampule(s),CIEL:79729,,,,,,,,,,,
93cec131-2be6-4131-ae85-5303ad395047,,11733,"Metoclopramide hydrochloride, 10mg tablet",CIEL:79757,Tablet,CIEL:79757,10,Milligram,,,,,,,,,
1db5bfe6-73f8-4845-8875-bfca42dedbd9,,11722,"Metoclopramide hydrochloride, Solution for injection, 5mg/mL, 2mL ampoule",CIEL:79757,Ampule(s),CIEL:79757,,,,,,,,,,,
819b83c0-e218-4ffe-854c-75c941feb948,TRUE,10786,"Metoprolol tartrate, 25mg extended release tablet",CIEL:79767,Tablet,CIEL:79767,25,Milligram,,,,,,,,,
c6a9090a-fce4-11e9-8f0b-362b9e155667,TRUE,12331,"Metronidazole benzoate, Oral suspension, 40mg/mL, 100mL bottle",CIEL:79783,Bottle,CIEL:79783,,,,,,,,,,,
aed7a629-8b95-4942-b665-b35f42abe55d,,10531,"Metronidazole, 250mg tablet",CIEL:79782,Tablet,CIEL:79782,250,Milligram,,,,,,,,,
0829ce7d-35d8-4ffb-b9ba-dbac2f4494c0,,10779,"Metronidazole, Solution for infusion, 5mg/mL, 100mL plastic bottle",CIEL:79782,Bottle,CIEL:79782,,,,,,,,,,,
e0389253-0b50-4344-8c11-02d8f4968b8f,,11840,"Miconazole nitrate, Skin cream, 2%, 30 gram tube",CIEL:79833,Tube,CIEL:79833,,,,,,,,,,,
db9f40dc-2b1f-4983-9852-784f71c10462,,16107,"Midazolam hydrochloride, Solution for injection, 1mg/mL, 5mL ampoule",CIEL:79854,Ampule(s),CIEL:79854,,,,,,,,,,,
480ddae8-d7c1-4e6a-8e8c-fa51d6c61dbc,,11466,"Midazolam hydrochloride, Solution for injection, 5mg/mL, 1mL ampoule",CIEL:79854,Ampule(s),CIEL:79854,,,,,,,,,,,
cd09b1b3-ceed-436c-bb57-3e5ca1684c86,,14145,"Mirtazapine, 15mg tablet",CIEL:79982,Tablet,CIEL:79982,15,Milligram,,,,,,,,,
95dbfe7e-68ac-485c-af73-9057cbe591b2,,14146,"Mirtazapine, 30mg tablet",CIEL:79982,Tablet,CIEL:79982,30,Milligram,,,,,,,,,
d61b9eb8-77ac-4949-9c47-2e14cabeaf9d,,10314,"Misoprostol, 200 microgram tablet",CIEL:79984,Tablet,CIEL:79984,200,Microgram,,,,,,,,,
925d177b-d2d0-4ea7-9fe4-9b6e0cbff58d,,21005,"Misoprostol, 25 microgram tablet",CIEL:79984,Tablet,CIEL:79984,25,Microgram,,,,,,,,,
756555cf-2163-4a2c-99f4-c62c5b0e23d0,,11923,"Morphine hydrochloride, Solution for injection, 10mg/ml, 1mL ampoule",CIEL:80107,Ampule(s),CIEL:80107,,,,,,,,,,,
827495b0-224f-4d09-9f45-ca8af3226b4e,,11844,"Morphine sulfate, 10mg IMMEDIATE release tablet",CIEL:80109,Tablet,CIEL:80109,10,Milligram,,,,,,,,,
882763fb-a63d-46f1-8979-1578c0da90d6,,11836,"Morphine sulfate, 30mg CONTROLLED release tablet",CIEL:80109,Tablet,CIEL:80109,30,Milligram,,,,,,,,,
e737b2a1-528c-4732-b6f7-51ae88b3012c,,14551,"Mosquito net, Long-lasting insecticidal, Extra family size",CIEL:160428,,CIEL:160428,,,,,,,,,,,
289217bb-143f-4a0c-aafa-b64f9de8bcac,,10497,"Multivitamin, Coated tablet",CIEL:461,Tablet,CIEL:461,,,,,,,,,,,
fb404654-d27f-4809-bdc7-c6ef508114b4,,11875,"Multivitamin, Prenatal, Tablet",CIEL:162319,Tablet,CIEL:162319,,,,,,,,,,,
e083cf51-8b51-40a8-b837-4fe6cdab0dac,,10564,"Naloxone hydrochloride, Solution for injection, 400 microgram/mL, 1mL ampoule",CIEL:80368,Ampule(s),CIEL:80368,,,,,,,,,,,
4e3eac14-bcc1-4569-b8ff-1cddd9f05165,TRUE,10364,"Neostigmine metilsulfate, Solution for injection, 500 microgram/mL, 1mL ampoule",CIEL:80534,Ampule(s),CIEL:80534,,,,,,,,,,,
78f96526-dfbe-11e9-8a34-2a2ae2dbcce4,,10408,"Nevirapine (NVP), 50mg dispersible tablet",CIEL:80586,Tablet,CIEL:80586,50,Milligram,,,,,,,,,
c6a933a8-fce4-11e9-8f0b-362b9e155667,,19213,"Nevirapine (NVP), Oral suspension, 100mL bottle",CIEL:80586,Bottle,CIEL:80586,,,,,,,,,,,
f75e1e93-b1be-11e3-a5e2-0800200c9a66,,10668,"Nifedipine, 10mg tablet",CIEL:80637,Tablet,CIEL:80637,10,Milligram,,,,,,,,,
d7937a60-a75b-42f6-9200-cd0e895606c0,,10716,"Nifedipine, 20mg extended release tablet",CIEL:80637,Tablet,CIEL:80637,20,Milligram,,,,,,,,,
0843ff09-29e0-4076-99ef-2a6f0c8bcb67,,11216,"Nitroglycerin, 500 microgram sublingual tablet",CIEL:80704,Tablet,CIEL:80704,500,Microgram,,,,,,,,,
1783cc0a-ce8c-47b4-be43-fbc44b264063,,24346,"Nitroglycerin, Solution for injection, 5mg/mL, 10mL vial",CIEL:80704,Vial,CIEL:80704,,,,,,,,,,,
7f9732e4-103a-42d8-8e3f-5f040e1719c2,,14491,"Noradrenaline (Norepinephrine) bitartrate, Solution for injection, 2mg/mL (1mg base), 4mL vial",CIEL:80779,Vial,CIEL:80779,,,,,,,,,,,
2c98a4a1-e0a8-45ec-8190-320ef8ff9c57,TRUE,11142,"Nutritional Supplement, 8oz",CIEL:165577,,CIEL:165577,,,,,,,,,,,
f1ea0247-cba8-40d3-b36b-2c63314ba775,,10665,"Nystatin, 100,00 IU vaginal tablet",CIEL:80945,Tablet,CIEL:80945,,,,,,,,,,,
36e2ce91-dc9d-4fd5-8963-bc4d24f4d6d5,,10959,"Nystatin, 500,000 IU oral tablet",CIEL:80945,Tablet,CIEL:80945,,,,,,,,,,,
9b28cb67-999c-4fc3-aa9c-31237058fe1c,,11606,"Nystatin, Oral suspension, 100,000 IU/mL, 30mL bottle",CIEL:80945,Bottle,CIEL:80945,,,,,,,,,,,
f0ca3b0b-2221-4f27-9da1-3115f7c33d30,,19358,"Octreotide, Solution for injection, 100 micrograms/mL, 1mL ampoule",CIEL:80979,Ampule(s),CIEL:80979,,,,,,,,,,,
6192369d-c0fe-4d11-86b9-7765940ae73d,,13798,"Olanzapine, 10mg film coated tablet",CIEL:81025,Tablet,CIEL:81025,10,Milligram,,,,,,,,,
9c9f85ed-945a-4701-9c4e-1548023e68de,,13797,"Olanzapine, 5mg film coated tablet",CIEL:81025,Tablet,CIEL:81025,5,Milligram,,,,,,,,,
c6a90bb2-fce4-11e9-8f0b-362b9e155667,TRUE,10043,"Omeprazole sodium, Powder for solution for injection, 40mg vial with solvent",CIEL:81041,Vial,CIEL:81041,,,,,,,,,,,
cb6d3cfb-4d14-4473-af64-88a69bc09a43,,10454,"Omeprazole, 20mg capsule of enteric coated granules",CIEL:81041,Capsule,CIEL:81041,20,Milligram,,,,,,,,,
2756c28d-aa30-4b9b-a3a0-6ec310790ecf,,10361,"Ondansetron hydrochloride, 4mg film coated tablet",CIEL:81073,Tablet,CIEL:81073,4,Milligram,,,,,,,,,
b6ab8392-2575-44be-b107-23d5e5986679,,11248,"Ondansetron hydrochloride, Solution for injection, 2mg/mL, 2mL ampoule",CIEL:81073,Ampule(s),CIEL:81073,,,,,,,,,,,
1c67f8f0-531c-418d-94b6-391db8d8bdde,,11803,"Oral Rehydration Salts (ORS), Low osmolarity, 20.5 grams (for 1 liter) sachet",CIEL:351,Sachet,CIEL:351,,,,,,,,,,,
599d41db-2106-418d-b906-10df84ab63d3,,10336,"Oxytocin, Solution for injection, 10 IU/mL, 1mL ampoule",CIEL:81369,Ampule(s),CIEL:81369,,,,,,,,,,,
60520315-2c98-425a-b404-d282f8c841ec,,10507,"Paracetamol, 100mg rectal suppository",CIEL:70116,Suppository,CIEL:70116,100,Milligram,,,,,,,,,
c6a90cf2-fce4-11e9-8f0b-362b9e155667,,12288,"Paracetamol, 100mg tablet",CIEL:70116,Tablet,CIEL:70116,100,Milligram,,,,,,,,,
c6a90e1e-fce4-11e9-8f0b-362b9e155667,TRUE,19094,"Paracetamol, 250mg dispersible tablet",CIEL:70116,Tablet,CIEL:70116,250,Milligram,,,,,,,,,
344fea71-ef04-47f8-86f2-0d3937ac4a32,,10521,"Paracetamol, 500mg tablet",CIEL:70116,Tablet,CIEL:70116,500,Milligram,,,,,,,,,
c8c2ee30-a0da-4205-acd2-6d0c8599d054,TRUE,11226,"Paracetamol, Oral solution, 120mg/5mL, 100mL bottle",CIEL:70116,Bottle,CIEL:70116,,,,,,,,,,,
3d637104-b020-4bca-920c-08d1537e5a15,TRUE,10962,"Paracetamol, Oral solution, 120mg/5mL, 60mL bottle",CIEL:70116,Bottle,CIEL:70116,,,,,,,,,,,
a572f138-9353-428a-9a7d-79d2adb294a1,,12198,"Paracetamol, Solution for infusion, 10mg/mL, 100mL vial",CIEL:70116,Vial,CIEL:70116,,,,,,,,,,,
0d0b7abb-85ce-482d-8962-b11b24f8c7c2,TRUE,17880,"Paroxetine, 20mg breakable tablet",CIEL:81604,Tablet,CIEL:81604,20,Milligram,,,,,,,,,
c6a90f40-fce4-11e9-8f0b-362b9e155667,TRUE,14657,"Phenobarbital, 30mg tablet",CIEL:81953,Tablet,CIEL:81953,30,Milligram,,,,,,,,,
9a499fca-699e-4809-8175-732ef43d5c14,TRUE,11708,"Phenobarbital, 50mg tablet",CIEL:81951,Tablet,CIEL:81951,50,Milligram,,,,,,,,,
4eb3c71f-b716-4f01-beb7-394cebd6c191,,10764,"Phenobarbital, Solution for injection, 100mg/mL, 2mL ampoule",CIEL:81953,Ampule(s),CIEL:81953,,,,,,,,,,,
199c355a-d28c-420d-984b-4c5285030d40,,11738,"Phenoxymethylpenicillin (Penicillin V), 250mg tablet",CIEL:81730,Tablet,CIEL:81730,250,Milligram,,,,,,,,,
34dd5905-c28d-4cf8-8ebe-0b83e5093e17,,10621,"Phenytoin sodium, 100mg film coated tablet",CIEL:82024,Tablet,CIEL:82024,100,Milligram,,,,,,,,,
d8297181-0a3f-48fc-89c5-cc283e5a8d42,,10313,"Phenytoin sodium, Solution for injection, 50mg/mL, 5mL ampoule",CIEL:82024,Ampule(s),CIEL:82024,,,,,,,,,,,
f3340cdd-54ab-4f00-a206-a0b229cf9349,TRUE,12745,"Phytomenadione (Vitamin K1), Solution for injection, 2mg/mL, 0.2mL ampoule",CIEL:86353,Ampule(s),CIEL:86353,,,,,,,,,,,
75d33db4-bf26-4647-98e1-62bc99da223a,,11829,"Phytomenadione (Vitamin K1), Solution for injection, 10mg/mL, 1mL ampoule",CIEL:86353,Ampule(s),CIEL:86353,,,,,,,,,,,
c6a92688-fce4-11e9-8f0b-362b9e155667,TRUE,12308,"Phytomenadione (Vitamin K1), Solution for OILY injection, 1mg/mL, 1mL ampoule",CIEL:86353,Ampule(s),CIEL:86353,,,,,,,,,,,
bf9be2db-d826-4bc1-bb0c-ca09b99e0b85,,10104,"Plasma substitute, Gelatin 4%, 500mL bottle",CIEL:84388,Bottle,CIEL:84388,,,,,,,,,,,
6ca53af6-6355-40e8-897a-c7cebd66e61a,TRUE,14816,"Podophyllotoxin, Topical liquid, 5mg/mL (0.5%), 3mL bottle",CIEL:82228,Bottle,CIEL:82228,,,,,,,,,,,
1f84a252-b6ff-4816-a0ea-16bc42c423c4,,11300,"Potassium chloride, 600mg (8mEq) slow release tablet",CIEL:82350,Tablet,CIEL:82350,600,Milligram,,,,,,,,,
e7691ff0-a3cd-4ee3-bb39-cbe99f2c488d,,10225,"Potassium chloride, Solution for injection, 10%, (100mg/mL), 10mL ampoule",CIEL:82350,Ampule(s),CIEL:82350,,,,,,,,,,,
2718848c-e069-4ae0-a476-fbe0a1a5ad82,,11203,"Povidone iodine, 10%, 200mL bottle",CIEL:82384,Bottle,CIEL:82384,,,,,,,,,,,
c6a9106c-fce4-11e9-8f0b-362b9e155667,,12344,"Praziquantel, 600mg film coated tablet",CIEL:82416,Tablet,CIEL:82416,600,Milligram,,,,,,,,,
84c7d844-a8a2-4484-af25-ab0291c995d4,,11290,"Prednisolone, 20mg tablet",CIEL:82446,Tablet,CIEL:82446,20,Milligram,,,,,,,,,
c63b13b6-210c-4575-ae5e-bbf86b5df747,,10571,"Prednisolone, 5mg tablet",CIEL:82446,Tablet,CIEL:82446,5,Milligram,,,,,,,,,
d3c6ca69-ce10-406f-961a-de6df6f7e0f8,,11550,"Promethazine hydrochloride, 25mg coated tablet",CIEL:82670,Tablet,CIEL:82670,25,Milligram,,,,,,,,,
10bbe535-0b54-4594-92cb-d79c01f9d724,TRUE,11438,"Promethazine hydrochloride, Oral solution, 1mg/mL, 100mL bottle",CIEL:82670,Bottle,CIEL:82670,,,,,,,,,,,
4222d276-6e00-46f4-8fb2-dec7c79f48a3,,10351,"Promethazine hydrochloride, Solution for injection, 25mg/mL, 2mL ampoule",CIEL:82670,Ampule(s),CIEL:82670,,,,,,,,,,,
be98f7c3-a42e-48a6-a073-b78e392df8fc,,10473,"Propofol, Solution for injection, 10mg/mL, 20mL ampoule",CIEL:82726,Ampule(s),CIEL:82726,,,,,,,,,,,
405dfa6c-ebaa-4a51-857f-b4df3788e7dd,,10406,"Propranolol hydrochloride, 40mg tablet",CIEL:82734,Tablet,CIEL:82734,40,Milligram,,,,,,,,,
b31e8340-846f-499d-8355-e9978983f583,,11079,"Propylthiouracil, 50mg tablet",CIEL:82743,Tablet,CIEL:82743,50,Milligram,,,,,,,,,
bc2f0b43-5a92-4c1a-8004-47e3b36c8bdb,,11798,"Pyridoxine (Vitamin B6), 50mg tablet",CIEL:82912,Tablet,CIEL:82912,50,Milligram,,,,,,,,,
66ca3d3e-f594-403b-823c-8b6104738b6f,,12568,"Quetiapine fumarate, 100mg film coated tablet",CIEL:82990,Tablet,CIEL:82990,100,Milligram,,,,,,,,,
c6a91814-fce4-11e9-8f0b-362b9e155667,,10848,"Quinine di-hydrochloride, Solution for injection, 300mg/mL, 2mL ampoule",CIEL:83026,Ampule(s),CIEL:83026,,,,,,,,,,,
c6a91a12-fce4-11e9-8f0b-362b9e155667,,12362,"Quinine sulfate, 300mg tablet",CIEL:83028,Tablet,CIEL:83028,300,Milligram,,,,,,,,,
b9a84f66-c242-4236-b535-97f442c870cb,TRUE,10610,"Rabies, Immunoglobulin, Equine, 200 IU/mL, 5mL vial",CIEL:71391,Vial,CIEL:71391,,,,,,,,,,,
eaa35188-73c4-4e3e-803e-4788d8a3ac7c,,16386,"Rabies, Immunoglobulin, Equine, 300 IU/mL, 5mL vial",CIEL:71391,Vial,CIEL:71391,,,,,,,,,,,
24e44864-7ab3-4919-8e75-004b838ae06c,,10205,"Rabies, Vaccine, Cell culture (CCV), Monodose vial, with diluent",CIEL:413,Vial,CIEL:413,,,,,,,,,,,
1d37c7e3-c518-4b52-aac3-0df50cdf7e1b,TRUE,10085,"Ranitidine hydrochloride, Solution for injection, 25mg/mL, 2mL ampoule",CIEL:83077,Ampule(s),CIEL:83077,,,,,,,,,,,
477cbb97-2ea4-4fde-b32f-e6a3dd668c2b,TRUE,10276,"Ranitidine, 150mg film coated tablet",CIEL:83075,Tablet,CIEL:83075,150,Milligram,,,,,,,,,
c6a91b66-fce4-11e9-8f0b-362b9e155667,TRUE,12154,"Ranitidine, 300mg film coated tablet",CIEL:83075,Tablet,CIEL:83075,300,Milligram,,,,,,,,,
c6a92822-fce4-11e9-8f0b-362b9e155667,,12424,"Ready to use therapeutic food (RUTF), Peanut paste, Plumpy'Nut, 92g sachet",CIEL:163394,Sachet,CIEL:163394,,,,,,,,,,,
2ffe3312-87d5-4170-8194-62834b03b55b,,11668,Rifampicin (R) 150mg + Isoniazid (H) 75mg + Ethambutol (E) 275mg tablet,CIEL:1677,Tablet,CIEL:767,150,Milligram,CIEL:78280,75,Milligram,CIEL:75948,275,Milligram,,,
79bc3e4f-55dd-46b5-87d9-7f5f6693adf2,,11208,Rifampicin (R) 150mg + Isoniazid (H) 75mg + Pyrazinamide (Z) 400mg + Ethambutol (E) 275mg tablet,CIEL:1131,Tablet,CIEL:767,150,Milligram,CIEL:78280,75,Milligram,CIEL:82900,400,Milligram,CIEL:75948,275,Milligram
85a6e834-0d60-48d1-8847-c42d2e16e57e,,11856,Rifampicin (R) 150mg + Isoniazid (H) 75mg tablet,CIEL:1194,Tablet,CIEL:767,150,Milligram,CIEL:78280,75,Milligram,,,,,,
c6a94640-fce4-11e9-8f0b-362b9e155667,,12825,Rifampicin (R) 60mg + Isoniazid (H) 30mg + Pyrazinamide (Z) 150mg tablet,CIEL:768,Tablet,CIEL:767,60,Milligram,CIEL:78280,30,Milligram,CIEL:82900,150,Milligram,,,
6dcb48b9-968a-413d-a15a-ebb4fc3a71da,,11869,Rifampicin (R) 60mg + Isoniazid (H) 30mg tablet,CIEL:1194,Tablet,CIEL:767,60,Milligram,CIEL:78280,30,Milligram,,,,,,
c6a94776-fce4-11e9-8f0b-362b9e155667,,18228,Rifampicin (R) 75mg + Isoniazid (H) 50mg + Pyrazinamide (Z) 150mg tablet,CIEL:768,Tablet,CIEL:767,75,Milligram,CIEL:78280,50,Milligram,CIEL:82900,150,Milligram,,,
c6a948ac-fce4-11e9-8f0b-362b9e155667,,12523,"Rifampicin (R) 75mg + Isoniazid (H) 50mg, Tablet",CIEL:1194,Tablet,CIEL:767,75,Milligram,CIEL:78280,50,Milligram,,,,,,
5d455293-ce1d-4ad6-8598-0da4b4e15690,TRUE,10936,"Ringer lactate, Intravenous infusion 1000mL nipple head bottle",CIEL:78617,Bottle,CIEL:78617,,,,,,,,,,,
d4b61b57-8de2-4bf1-b402-847bbf67d2c0,TRUE,11276,"Ringer lactate, Intravenous infusion 500mL nipple head bottle",CIEL:78617,Bottle,CIEL:78617,,,,,,,,,,,
ece0eda7-6c60-4734-8f31-3c7c572c7e35,,21344,"Ringer lactate, Intravenous infusion, 1000mL twin port bag/bottle",CIEL:78617,Bottle,CIEL:78617,,,,,,,,,,,
780d8a99-1e5f-4bcb-b7d6-77490421b083,,21381,"Ringer lactate, Intravenous infusion, 500mL twin port bag/bottle",CIEL:78617,Bottle,CIEL:78617,,,,,,,,,,,
4fb2df1c-3ed4-4c0a-a3f7-128211e44976,TRUE,10299,"Risperidone, 1mg tablet",CIEL:83405,Tablet,CIEL:83405,1,Milligram,,,,,,,,,
bb5094d6-efdd-458e-ab4e-f9916cd904ab,,12239,"Risperidone, 2mg tablet",CIEL:83405,Tablet,CIEL:83405,2,Milligram,,,,,,,,,
c6a934d4-fce4-11e9-8f0b-362b9e155667,,12193,"Ritonavir (r), 100mg tablet",CIEL:83412,Tablet,CIEL:83412,100,Milligram,,,,,,,,,
1909c01d-b71c-474f-a80a-25992da1365d,,12202,"Rivaroxaban, 10mg tablet",CIEL:166107,Tablet,CIEL:166107,10,Milligram,,,,,,,,,
1420b4b9-ca35-4579-ae96-838f75b9e856,,10003,"Salbutamol sulfate, Solution for inhalation, 100 microgram/actuation, 200 dose metered dose inhaler",CIEL:70461, ,CIEL:70461,,,,,,,,,,,
618431c8-d8ff-4d68-baf5-6e1e54d2223b,,11595,"Salbutamol sulfate, Solution for nebulisation, 2mg/mL, 2.5mL nebule",CIEL:70461,Nebulizer,CIEL:70461,,,,,,,,,,,
eb67264d-768e-4dd8-a47c-20cd7481c531,TRUE,11769,"Salbutamol sulfate, Solution for nebulisation, 5mg/mL, 30mL bottle",CIEL:70461,Nebulizer,CIEL:70461,,,,,,,,,,,
d3cb471e-1f40-11e5-b5f7-727283247c7f,,10176,"Salbutamol, 4mg tablet",CIEL:798,Tablet,CIEL:798,4,Milligram,,,,,,,,,
441d3e0a-0d9b-4e2e-b4c0-d5a308bec4e7,,10522,"Silver sulfadiazine, Skin cream, 1% (10mg/gram), 50 gram tube",CIEL:83920,Tube,CIEL:83920,,,,,,,,,,,
c99b9b0e-2d8a-4cb1-8ab3-0ea8c7715d9d,TRUE,11709,"Silver sulfadiazine, Skin cream, 1% (10mg/gram), 500 gram tube",CIEL:83920,Tube,CIEL:83920,,,,,,,,,,,
01f14854-8305-4b12-8a52-3e01555fd66e,TRUE,10985,"Simvastatin, 20mg tablet",CIEL:83936,Tablet,CIEL:83936,20,Milligram,,,,,,,,,
6031c312-eee3-41bf-a74a-8b23b175e258,,11224,"Sodium bicarbonate, Solution for injection, 8.4% (1mmol/mL), 20-25mL ampoule",CIEL:80804,Ampule(s),CIEL:80804,,,,,,,,,,,
c8ba2c0c-0827-4600-8c0f-5e4854c81579,,20816,"Sodium chloride, 0.9% intravenous infusion, 1000mL euro head bottle",CIEL:84047,Bottle,CIEL:84047,,,,,,,,,,,
dd6a5b8f-bf7c-4680-9e30-0527a592fb5d,,10693,"Sodium chloride, 0.9% intravenous infusion, 1000mL flex bag with additive port",CIEL:84047,,CIEL:84047,,,,,,,,,,,
69b1ea41-3165-4595-b1a7-07e89229955b,TRUE,10064,"Sodium chloride, 0.9% intravenous infusion, 1000mL nipple head bottle",CIEL:80804,Bottle,CIEL:80804,,,,,,,,,,,
4289fb04-999f-47f7-8f4c-7591870be8c9,TRUE,11604,"Sodium chloride, 0.9% intravenous infusion, 100mL nipple head bottle",CIEL:80804,Bottle,CIEL:80804,,,,,,,,,,,
30ee6a08-9440-4f7e-a1e7-39219d9e9b25,,11028,"Sodium chloride, 0.9% intravenous infusion, 500mL nipple head bottle",CIEL:80804,Bottle,CIEL:80804,,,,,,,,,,,
d6b45ed8-1603-4d19-b33c-8703d20c65f1,TRUE,21409,"Sodium chloride, 0.9% intravenous infusion, 100mL twin port bag/bottle",CIEL:80804,Bottle,CIEL:80804,,,,,,,,,,,
44e4cda0-8c7e-437e-bc08-e5303ce243ed,TRUE,18385,"Sodium chloride, 0.9% irrigation solution, 500mL bottle",CIEL:80804,Bottle,CIEL:80804,,,,,,,,,,,
7bcb7c19-5a2b-4426-bca0-73d58115d4ba,TRUE,17892,"Sodium chloride, 0.9%, 5mL vial",CIEL:80804,Vial,CIEL:80804,,,,,,,,,,,
8cf1b225-0ee2-42c6-bcdc-d777f7e97892,TRUE,14694,"Sodium Chloride, 0.9%, USP, 5ml",CIEL:80804,,CIEL:80804,,,,,,,,,,,
09b9f018-6aa5-4bcf-9292-d74e07707591,,11210,"Sodium valproate, 200mg enteric coated tablet",CIEL:84114,Tablet,CIEL:84114,200,Milligram,,,,,,,,,
355b9a8a-6e4e-4db8-a2cd-64f61456ef53,,20827,"Sodium valproate, Solution for injection, 100mg/mL, 5mL vial",CIEL:84114,Vial,CIEL:84114,,,,,,,,,,,
82f3e5d8-0701-4948-a511-7d6f932dc9e6,,11178,"Spironolactone, 25mg tablet",CIEL:84239,Tablet,CIEL:84239,25,Milligram,,,,,,,,,
c6a949e2-fce4-11e9-8f0b-362b9e155667,TRUE,11806,"Streptomycin sulfate, Powder for solution for injection, 1gram vial",CIEL:84361,Vial,CIEL:84361,,,,,,,,,,,
c6a91cc4-fce4-11e9-8f0b-362b9e155667,,12139,"Sulfadoxine (S) 500mg + Pyrimethamine (P) 25mg tablet",CIEL:924,Tablet,CIEL:84462,500,Milligram,CIEL:82919,25,Milligram,,,,,,
9415d93e-83e8-4d31-978d-bdecd5d720af,,11031,"Suxamethonium chloride, Solution for injection, 50mg/mL, 2mL ampoule",CIEL:84583,Ampule(s),CIEL:84583,,,,,,,,,,,
78faa576-dfbe-11e9-8a34-2a2ae2dbcce4,,11870,"Tenofovir disoproxil fumarate (TDF), 300mg tablet",CIEL:84795,Tablet,CIEL:84795,300,Milligram,,,,,,,,,
78f96fda-dfbe-11e9-8a34-2a2ae2dbcce4,,10856,Tenofovir disoproxil fumarate (TDF) 300mg + Lamivudine (3TC) 300mg + Efavirenz (EFV) 600mg tablet,CIEL:164505,Tablet,CIEL:84795,300,Milligram,CIEL:78643,300,Milligram,CIEL:75523,600,Milligram,,,
c6a92fe8-fce4-11e9-8f0b-362b9e155667,,12707,"Tetanus toxoid (TT), Vaccine, Purified, 0.5mL monodose vial",CIEL:84879,Vial,CIEL:84879,,,,,,,,,,,
2e057d81-ab38-480d-a0fe-f03dd8e7c26c,TRUE,10773,"Tetanus, Immunoglobulin, Human, 250IU/mL, 1mL vial",CIEL:84878,Vial,CIEL:84878,,,,,,,,,,,
d9333e11-4b28-41fe-93c5-44e624ef1b2c,,10352,"Tetracycline hydrochloride, Eye ointment, 1%, 5 gram tube",CIEL:84889,Tube,CIEL:84889,,,,,,,,,,,
9f7ece85-51c3-465b-bdc3-a0646db118b9,,10219,"Thiopental, Powder for solution for injection, 500mg vial",CIEL:85015,Vial,CIEL:85015,,,,,,,,,,,
609fc2dd-2c59-4778-9b27-4d2995cebf24,,13138,"Total Parenteral nutrition (TPN), for Central IV use, 1745Kcal, 2053mL three chamber bag (Kabiven)",CIEL:168068,,CIEL:168068,,,,,,,,,,,
48bad836-e456-40db-be79-769e2798b23e,,11121,"Tramadol hydrochloride, 50mg capsule",CIEL:85276,Capsule,CIEL:85276,50,Milligram,,,,,,,,,
cb150b20-c2bc-4555-a88c-36e1029032c3,,10501,"Tramadol hydrochloride, Solution for injection, 50mg/mL, 2mL ampoule",CIEL:85276,Ampule(s),CIEL:85276,,,,,,,,,,,
2b15ae0e-4f08-48c3-a849-1a820c6cc331,,13164,"Tranexamic acid, 500mg tablet",CIEL:85286,Tablet,CIEL:85286,500,Milligram,,,,,,,,,
6f83bf12-eeb6-4828-9a7d-ed06cf516e7a,,11555,"Tranexamic acid, Solution for injection, 100mg/mL, 5mL ampoule",CIEL:85286,Ampule(s),CIEL:85286,,,,,,,,,,,
8893bad4-a63d-4da6-9d10-96f709b20173,,12129,"Trihexyphenidyl, 2mg tablet",CIEL:85463,Tablet,CIEL:85463,2,Milligram,,,,,,,,,
e479dcce-3c76-4939-9dfd-02c4b7a649be,TRUE,11782,"Vecuronium bromide, Powder for solution for injection, 10mg vial",CIEL:86145,Vial,CIEL:86145,,,,,,,,,,,
4afac242-e098-4ce0-8e2b-b92e3df64c31,TRUE,12177,"Vitamin A (Retinol), 100,000 IU soft gel capsule",CIEL:86339,Capsule,CIEL:86339,,,,,,,,,,,
ae7b2889-8094-49a8-82b5-3b70d351b81d,,12360,"Vitamin A (Retinol), 200,000 IU soft gel capsule",CIEL:86339,Capsule,CIEL:86339,,,,,,,,,,,
424d2f86-835f-473a-9d2e-b74b16734db7,,10034,"Vitamin B Compound, tablet",CIEL:86341,Tablet,CIEL:86341,,,,,,,,,,,
1779f27f-0272-41da-a242-c6851a9aef6d,TRUE,11309,"Warfarin sodium, 5mg tablet",CIEL:86417,Tablet,CIEL:86417,5,Milligram,,,,,,,,,
6d71d2a5-071f-4530-b899-bdeba96ada09,,11393,"Water for injection, 10mL plastic ampoule",CIEL:84323,Ampule(s),CIEL:84323,,,,,,,,,,,
f4eadb59-49ee-40b9-b40a-6578f9ff89bb,,10996,"Zinc oxide, Skin ointment, 10%, 100 gram tube",CIEL:86684,Tube,CIEL:86684,,,,,,,,,,,
d3cb4912-1f40-11e5-b5f7-727283247c7f,,11433,"Zinc sulfate monohydrate, 54.9mg (Elemental zinc 20mg), dispersible tablet",CIEL:86688,Tablet,CIEL:86688,54.9,Milligram,,,,,,,,,
8123631a-5507-4b5f-99bd-ec2cf7286cb0,TRUE,16416,"Insect repellent, Diethyltoluamide (DEET) 20%, Pump spray, 100mL bottle",CIEL:74369,Bottle,CIEL:74369,,,,,,,,,,,
e1c3d710-bd2e-4d0a-abe8-e7fdc92ddff1,TRUE,25806,"Tamoxifen, 10mg tablet",CIEL:84668,Tablet,CIEL:84668,10,Milligram,,,,,,,,,
9fa9d711-6077-461d-8a92-7d52f43b8f2f,,19380,"Sildenafil, 50mg tablet",CIEL:83902,Tablet,CIEL:83902,50,Milligram,,,,,,,,,
